{
  "accuracy": [
    0.5013137459754944,
    0.5911922454833984,
    0.6589770913124084,
    0.7109972834587097,
    0.7397009134292603,
    0.7703048586845398,
    0.5502933263778687,
    0.62177973985672,
    0.6596381068229675,
    0.32626622915267944,
    0.41523587703704834,
    0.4494422972202301,
    0.4714864194393158,
    0.49391061067581177,
    0.5021234154701233,
    0.5133438110351562,
    0.5229116678237915,
    0.5380814671516418,
    0.5438816547393799,
    0.5535652041435242,
    0.5643228888511658,
    0.5691481232643127,
    0.5728992819786072,
    0.5783855319023132
  ],
  "loss": [
    2.5797111988067627,
    2.0951123237609863,
    1.7591073513031006,
    1.4890549182891846,
    1.3159912824630737,
    1.15944504737854,
    1.8289662599563599,
    1.5905015468597412,
    1.4646848440170288,
    2.699683427810669,
    2.2894344329833984,
    2.1604795455932617,
    2.0791306495666504,
    2.0209264755249023,
    1.9837064743041992,
    1.9469753503799438,
    1.9140141010284424,
    1.8727316856384277,
    1.855982780456543,
    1.8228867053985596,
    1.7846177816390991,
    1.7645952701568604,
    1.7598093748092651,
    1.745018482208252
  ],
  "val_accuracy": [
    0.12960247695446014,
    0.13562330603599548,
    0.17475877702236176,
    0.1862601339817047,
    0.10613662749528885,
    0.07101505249738693,
    0.22014665603637695,
    0.26013121008872986,
    0.27788498997688293,
    0.43581628799438477,
    0.5004245638847351,
    0.5370127558708191,
    0.5497491359710693,
    0.5609416961669922,
    0.5678116679191589,
    0.568429172039032,
    0.5669625401496887,
    0.5656503438949585,
    0.5650327801704407,
    0.5674257278442383,
    0.5674257278442383,
    0.5644152760505676,
    0.5670397281646729,
    0.5673485398292542
  ],
  "val_loss": [
    4.777896881103516,
    4.779792308807373,
    4.692645072937012,
    5.527715682983398,
    16.657943725585938,
    24.293453216552734,
    6.927752494812012,
    6.01967191696167,
    5.250153541564941,
    3.6201844215393066,
    2.8210666179656982,
    2.4716432094573975,
    2.3061583042144775,
    2.2159128189086914,
    2.191772222518921,
    2.189135789871216,
    2.165146589279175,
    2.1684916019439697,
    2.265984058380127,
    2.1787607669830322,
    2.275949239730835,
    2.2795968055725098,
    2.2636847496032715,
    2.247112512588501
  ],
  "learning_rate": [
    9.999999747378752e-05,
    9.999999747378752e-05,
    9.999999747378752e-05,
    9.999999747378752e-05,
    9.999999747378752e-05,
    9.999999747378752e-05,
    9.999999747378752e-06,
    9.999999747378752e-06,
    9.999999747378752e-06,
    9.999999974752427e-07,
    9.999999974752427e-07,
    9.999999974752427e-07,
    9.999999974752427e-07,
    9.999999974752427e-07,
    9.999999974752427e-07,
    9.999999974752427e-07,
    9.999999974752427e-07,
    9.999999974752427e-07,
    9.999999974752427e-07,
    9.999999974752427e-07,
    9.999999974752427e-07,
    9.999999974752427e-07,
    9.999999974752427e-07,
    9.999999974752427e-07
  ]
}