{
  "accuracy": [
    0.8223065733909607,
    0.9322983622550964,
    0.9495335817337036,
    0.9579751491546631,
    0.9640341997146606,
    0.9670705795288086,
    0.9713096618652344,
    0.9732211232185364,
    0.975256085395813,
    0.9835376143455505,
    0.9863910675048828,
    0.9879504442214966,
    0.988791823387146,
    0.9900676608085632,
    0.9906712770462036,
    0.9907901883125305,
    0.9909731149673462,
    0.9909045100212097,
    0.9914761185646057,
    0.9916590452194214
  ],
  "loss": [
    0.655110776424408,
    0.23614341020584106,
    0.174056738615036,
    0.14060081541538239,
    0.11999600380659103,
    0.10680465400218964,
    0.0935169979929924,
    0.08559929579496384,
    0.07850692421197891,
    0.05223296955227852,
    0.04292788356542587,
    0.03873295709490776,
    0.035952866077423096,
    0.03147294372320175,
    0.029372895136475563,
    0.029008351266384125,
    0.028721213340759277,
    0.028648056089878082,
    0.027545182034373283,
    0.026854993775486946
  ],
  "val_accuracy": [
    0.9346564412117004,
    0.9094323515892029,
    0.9628467559814453,
    0.9616517424583435,
    0.9665172696113586,
    0.971254825592041,
    0.9697610139846802,
    0.9684165716171265,
    0.966239869594574,
    0.9783397316932678,
    0.978489100933075,
    0.9791933298110962,
    0.9787665605545044,
    0.9797695279121399,
    0.9798122048377991,
    0.9796201586723328,
    0.9798122048377991,
    0.979918897151947,
    0.9799615740776062,
    0.9799829125404358
  ],
  "val_loss": [
    0.23199348151683807,
    0.30803921818733215,
    0.1331699788570404,
    0.13725274801254272,
    0.12081718444824219,
    0.10576433688402176,
    0.1111430674791336,
    0.1171008050441742,
    0.13150516152381897,
    0.08629019558429718,
    0.08888380974531174,
    0.08657287061214447,
    0.0886744037270546,
    0.08607752621173859,
    0.08642838150262833,
    0.08672700822353363,
    0.08596047759056091,
    0.08741434663534164,
    0.08682771772146225,
    0.08748598396778107
  ],
  "learning_rate": [
    0.0010000000474974513,
    0.0010000000474974513,
    0.0010000000474974513,
    0.0010000000474974513,
    0.0010000000474974513,
    0.0010000000474974513,
    0.0010000000474974513,
    0.0010000000474974513,
    0.0010000000474974513,
    0.00020000000949949026,
    0.00020000000949949026,
    0.00020000000949949026,
    0.00020000000949949026,
    4.0000002627493814e-05,
    4.0000002627493814e-05,
    4.0000002627493814e-05,
    4.0000002627493814e-05,
    4.0000002627493814e-05,
    4.0000002627493814e-05,
    4.0000002627493814e-05
  ]
}